"","DunedinPACE"
"1","cg00112187"
"2","cg00151250"
"3","cg00359421"
"4","cg00513564"
"5","cg00532802"
"6","cg00574958"
"7","cg00668559"
"8","cg00782811"
"9","cg00835193"
"10","cg01055871"
"11","cg01101459"
"12","cg01360413"
"13","cg01554316"
"14","cg01936220"
"15","cg02004723"
"16","cg02079413"
"17","cg02229095"
"18","cg02300147"
"19","cg02307277"
"20","cg02571857"
"21","cg02650017"
"22","cg02949067"
"23","cg02997983"
"24","cg03604011"
"25","cg03776935"
"26","cg03810769"
"27","cg03868770"
"28","cg04051458"
"29","cg04105250"
"30","cg04305539"
"31","cg04565261"
"32","cg04600984"
"33","cg04624885"
"34","cg04927537"
"35","cg05068951"
"36","cg05085844"
"37","cg05239308"
"38","cg05304729"
"39","cg05487507"
"40","cg05492170"
"41","cg05671350"
"42","cg05991820"
"43","cg06182811"
"44","cg06230206"
"45","cg06458557"
"46","cg06500161"
"47","cg06570125"
"48","cg06797880"
"49","cg06961233"
"50","cg07019072"
"51","cg07075169"
"52","cg07123481"
"53","cg07244253"
"54","cg07471256"
"55","cg07550819"
"56","cg07589381"
"57","cg08011245"
"58","cg08225398"
"59","cg08335662"
"60","cg08790676"
"61","cg09022325"
"62","cg09233395"
"63","cg09349128"
"64","cg09423875"
"65","cg09626521"
"66","cg09756865"
"67","cg09760057"
"68","cg09867945"
"69","cg09933458"
"70","cg09974965"
"71","cg10017843"
"72","cg10026495"
"73","cg10053507"
"74","cg10365246"
"75","cg10919522"
"76","cg11095122"
"77","cg11103390"
"78","cg11202345"
"79","cg11452501"
"80","cg11787522"
"81","cg11835347"
"82","cg12041401"
"83","cg12446629"
"84","cg12547807"
"85","cg12820481"
"86","cg13274938"
"87","cg13300580"
"88","cg13548189"
"89","cg13586425"
"90","cg13614083"
"91","cg13702222"
"92","cg13945148"
"93","cg14110709"
"94","cg14200569"
"95","cg14702960"
"96","cg14816825"
"97","cg14851284"
"98","cg14876603"
"99","cg14893274"
"100","cg15192750"
"101","cg15815084"
"102","cg15829969"
"103","cg15919431"
"104","cg15948836"
"105","cg16098955"
"106","cg16413763"
"107","cg16416715"
"108","cg16609260"
"109","cg16739178"
"110","cg16924010"
"111","cg16969872"
"112","cg17018786"
"113","cg17061862"
"114","cg17439800"
"115","cg17460386"
"116","cg17501210"
"117","cg17749946"
"118","cg17765387"
"119","cg17804112"
"120","cg17841545"
"121","cg17901584"
"122","cg17966227"
"123","cg18181703"
"124","cg18500368"
"125","cg18513344"
"126","cg18519757"
"127","cg20025658"
"128","cg20964064"
"129","cg21355338"
"130","cg21439498"
"131","cg21486834"
"132","cg21566642"
"133","cg21787176"
"134","cg21885107"
"135","cg22029879"
"136","cg22036538"
"137","cg22157099"
"138","cg22367678"
"139","cg22488164"
"140","cg22891595"
"141","cg22912834"
"142","cg23119487"
"143","cg23152235"
"144","cg23798387"
"145","cg23966795"
"146","cg23997508"
"147","cg24125710"
"148","cg24174557"
"149","cg24268161"
"150","cg24318091"
"151","cg24352561"
"152","cg24396875"
"153","cg24403644"
"154","cg24531955"
"155","cg24737193"
"156","cg24865132"
"157","cg24891125"
"158","cg25243766"
"159","cg25368647"
"160","cg25427524"
"161","cg25683495"
"162","cg25751054"
"163","cg25772418"
"164","cg25923729"
"165","cg26094651"
"166","cg26180383"
"167","cg26264318"
"168","cg26275850"
"169","cg26470501"
"170","cg26497348"
"171","cg26981978"
"172","cg27113548"
"173","cg27165794"
